,amplitude,peak_count,classification
0,0.21625074744224548,0,OFF
1,0.226943239569664,0,OFF
2,0.2369009554386139,0,OFF
3,0.22363173961639404,0,OFF
4,0.2566768527030945,0,OFF
5,0.29368454217910767,9,DRIP
6,0.26410049200057983,8,DRIP
7,0.2561451494693756,12,DRIP
8,0.2332666665315628,3,DRIP
9,0.22621366381645203,1,DRIP
10,0.28727492690086365,1,DRIP
11,0.8248866200447083,0,ON
12,2.975916862487793,0,ON
13,2.1904098987579346,2,ON
14,3.015955686569214,0,ON
