,amp,peaks,classes
0,0.00952851124193176,0,0
1,0.06267882935582081,5,1
2,0.8800049363508679,0,2
0,0.036079711204988305,0,0
1,0.045396647437845064,2,1
2,0.12841406696634028,0,2
